{"error_per_epoch": [1.9873582124710083, 2.0044668555259704, 2.02526398897171, 1.9494266986846924, 1.6539687752723693, 1.2867671251296997, 1.287505292892456, 1.3739271402359008, 1.2606133818626404, 1.0035461843013764, 0.9217303335666657, 0.9317223131656647, 0.7919088244438172, 0.6391234815120697, 0.555049741268158, 0.5427323967218399, 0.5011769592761993, 0.5405755013227462, 0.4476497620344162, 0.33222525119781493, 0.32453150749206544, 0.30290873944759367, 0.3180617481470108, 0.4196502685546875, 0.3643698453903198, 0.26891362071037295, 0.26206164211034777, 0.21950632482767105, 0.19231104701757432, 0.24696360230445863, 0.20414669811725616, 0.19488753154873847, 0.16734017580747604, 0.18541177809238435, 0.16678797453641891, 0.18777699545025825, 0.15148645266890526, 0.14763204082846643, 0.12877259477972985, 0.1348940536379814, 0.1297470174729824, 0.1169832356274128, 0.11521115452051163, 0.12801991999149323, 0.11234592646360397, 0.11278490945696831, 0.11658267080783843, 0.10873749628663062, 0.09724038168787956, 0.09848075807094574, 0.09911657944321632, 0.11726911514997482, 0.09884464219212533, 0.10501885861158371, 0.09581443443894386, 0.09971110299229621, 0.09565355777740478, 0.10360092222690583, 0.09848429411649703, 0.09730458930134774, 0.09457133263349533, 0.09133729636669159, 0.09631838425993919, 0.08905476108193397, 0.0751460999250412, 0.07799579426646233, 0.07824116125702858, 0.08598386570811271, 0.08753055334091187, 0.07412181533873081, 0.07598906941711903, 0.08834201693534852, 0.07019947804510593, 0.08386786952614785, 0.0767871931195259, 0.09140976071357727, 0.08087760284543037, 0.06924775280058384, 0.07687612697482109, 0.07719352692365647, 0.06965651251375675, 0.06871691569685937, 0.07686692327260972, 0.07888160981237888, 0.06753247641026974, 0.06612365245819092, 0.07220704182982444, 0.07317653298377991, 0.06795501559972764, 0.07347209677100182, 0.07404293045401573], "error_std_per_epoch": [0.5939878821372986, 0.4591586381196976, 0.4672004461288452, 0.47600771188735963, 0.6542091995477677, 0.938292247056961, 0.9296018183231354, 0.8790653347969055, 0.908394968509674, 0.8714125692844391, 0.7900615513324738, 0.7652108311653137, 0.7180078029632568, 0.6112310886383057, 0.6130626201629639, 0.6498325049877167, 0.6448476612567902, 0.6755998313426972, 0.5864237248897552, 0.45117589831352234, 0.4763942360877991, 0.452929362654686, 0.4807386785745621, 0.6080524623394012, 0.5344493478536606, 0.4243786960840225, 0.42178412079811095, 0.34785031378269193, 0.31014646738767626, 0.3717096269130707, 0.3023956760764122, 0.2883830852806568, 0.22751447334885597, 0.29049104899168016, 0.23765079379081727, 0.295494731515646, 0.2128157451748848, 0.23960768282413483, 0.19997963532805443, 0.16808101162314415, 0.171282559633255, 0.14988119527697563, 0.13021323904395105, 0.15168902799487113, 0.14457469806075096, 0.13754498213529587, 0.15753590688109398, 0.13896865993738175, 0.11159936711192131, 0.11049209386110306, 0.11963098794221878, 0.14725510254502297, 0.10901899114251137, 0.12068469002842903, 0.11294351071119309, 0.11056398749351501, 0.1008971743285656, 0.11700486838817596, 0.10772844776511192, 0.11973396241664887, 0.09832985773682594, 0.13092781007289886, 0.11169899329543113, 0.09061475843191147, 0.07739112377166749, 0.09445247203111648, 0.08374818079173565, 0.11468935832381248, 0.13205372914671898, 0.08617749437689781, 0.08006948716938496, 0.1017047107219696, 0.08471593111753464, 0.09729296937584878, 0.08963219225406646, 0.1281874217092991, 0.10525505393743514, 0.07571605928242206, 0.11877654194831848, 0.10706449374556541, 0.07975343391299247, 0.08000971227884293, 0.08795315623283387, 0.09236223027110099, 0.073683225736022, 0.07082807384431362, 0.08526174649596215, 0.08258629105985164, 0.07899378314614296, 0.08439108580350876, 0.08390256389975548], "activation_per_epoch": [0.6742874979972839, 0.6754959285259247, 0.6772421479225159, 0.6870206773281098, 1.0777094841003418, 2.6379663705825807, 2.830226469039917, 2.208463525772095, 1.8158359766006469, 2.4550068855285643, 3.100290298461914, 3.1547829627990724, 3.438359761238098, 3.8148952960968017, 3.8657726764678957, 3.975784659385681, 3.938547420501709, 3.7816943645477297, 3.9601298809051513, 4.298852968215942, 4.234259796142578, 4.3033915042877195, 4.291169595718384, 4.071077179908753, 4.24892029762268, 4.431157922744751, 4.433358287811279, 4.543439769744873, 4.579909420013427, 4.498483085632325, 4.5669619083404545, 4.590432453155517, 4.67825722694397, 4.610085773468017, 4.6447837352752686, 4.601476383209229, 4.6444658756256105, 4.652063798904419, 4.66144642829895, 4.747755765914917, 4.717489099502563, 4.672296047210693, 4.667112255096436, 4.731735420227051, 4.725094223022461, 4.721041536331176, 4.734507846832275, 4.7796876430511475, 4.766902446746826, 4.743493986129761, 4.731989240646362, 4.735163307189941, 4.7747632503509525, 4.752466058731079, 4.738052558898926, 4.8022197723388675, 4.785466289520263, 4.707154655456543, 4.718144273757934, 4.749810123443604, 4.751732349395752, 4.735502529144287, 4.760227060317993, 4.703171491622925, 4.711121702194214, 4.805450868606568, 4.796650075912476, 4.714427852630616, 4.700155258178711, 4.799747896194458, 4.801579475402832, 4.751447486877441, 4.776454114913941, 4.713834142684936, 4.726781940460205, 4.7342945575714115, 4.743826961517334, 4.797431421279907, 4.781153869628906, 4.750642585754394, 4.7471270084381105, 4.73370509147644, 4.736119031906128, 4.7627912044525145, 4.7838584899902346, 4.747969627380371, 4.746244287490844, 4.809364461898804, 4.796299839019776, 4.782685947418213, 4.778933477401734], "group_errors": [[1.9854185581207275, 2.002144282514399, 2.0247995495796203, 1.9869004845619203, 1.653555428981781, 1.4698863804340363, 1.2866905331611633, 1.329418271780014, 1.2596291303634644, 1.1312774568796158, 0.919729596376419, 0.9238405048847198, 0.7895757496356964, 0.7126841753721237, 0.5537194728851318, 0.5468422755599022, 0.500866237282753, 0.520530691742897, 0.4464917778968811, 0.3892062708735466, 0.32413056790828704, 0.3132453992962837, 0.31758821606636045, 0.36848486214876175, 0.36390049159526827, 0.31622874438762666, 0.2617215320467949, 0.24052803590893745, 0.1921425551176071, 0.219460628926754, 0.20403004586696624, 0.19935725964605808, 0.16721827685832977, 0.17623384669423103, 0.16665454655885698, 0.17714085578918456, 0.15118041932582854, 0.1493213541805744, 0.12865495011210443, 0.13167165629565716, 0.12958380579948425, 0.123228270560503, 0.11502328515052795, 0.12143122591078281, 0.11219085827469825, 0.11241335868835449, 0.11651290059089661, 0.11255268789827824, 0.09719562083482743, 0.09776872508227825, 0.09900312274694442, 0.10808117762207985, 0.09871480241417885, 0.10179970674216747, 0.09572658240795136, 0.09765869118273258, 0.0955270729959011, 0.0995213370770216, 0.09832762256264686, 0.09777644611895084, 0.09446759223937988, 0.0928579643368721, 0.09619355946779251, 0.09257462061941624, 0.07509399726986885, 0.07651391476392747, 0.07820244133472443, 0.08206269927322865, 0.0874543197453022, 0.08077303674072027, 0.07589286789298058, 0.08205123767256736, 0.07015871405601501, 0.0769845400005579, 0.07671819850802422, 0.08402785509824753, 0.08083702251315117, 0.07500917203724385, 0.076803420484066, 0.0769912276417017, 0.06962726525962352, 0.06915549281984568, 0.07683858312666417, 0.07784682456403971, 0.06751782186329365, 0.06680056154727936, 0.07218702584505081, 0.07265841513872147, 0.06791796535253525, 0.07068139035254717, 0.07402068339288234]],