{"error_per_epoch": [1.9130439758300781, 1.9529109358787538, 1.981803023815155, 1.9189124703407288, 1.8879681468009948, 1.7380738377571106, 1.578139054775238, 1.4492080092430115, 1.3574098944664001, 1.405943763256073, 1.3001427412033082], "error_std_per_epoch": [0.439756840467453, 0.44021000564098356, 0.43269994854927063, 0.43367241621017455, 0.4430899530649185, 0.6385993897914887, 0.8769794940948487, 0.9490214705467224, 0.8533221900463104, 0.794709300994873, 0.8293084144592285], "activation_per_epoch": [0.674140989780426, 0.6751066267490387, 0.6754895389080048, 0.6785644829273224, 0.7001718759536744, 1.076580858230591, 2.539144277572632, 3.0269623041152953, 2.3508203744888307, 1.754915475845337, 2.306348752975464], "group_errors": [[1.9110941886901855, 1.948495398868214, 1.9813660264015198, 1.9499706268310546, 1.8876307606697083, 1.812570071220398, 1.577428674697876, 1.5129476726055144, 1.3566421627998353, 1.3809213936328888, 1.2987512826919556]], "group_std": [[0.44021153450012207, 0.4401938996531747, 0.4326699018478394, 0.4331435114145279, 0.44299666583538055, 0.540649700164795, 0.8765465199947358, 0.9127794086933136, 0.8527652561664582, 0.8235376805067063, 0.828859806060791]], "group_activ": [[0.674140989780426, 0.6750188415700739, 0.6754895389080048, 0.6770270109176636, 0.7001718759536744, 0.8883763670921325, 2.539144277572632, 2.783053290843964, 2.3508203744888307, 2.052867925167084, 2.306348752975464]], "epochs": [0, 10, 20, 30, 40, 50, 60, 70, 80, 90, 100]}