{"error_per_epoch": [1.919884204864502, 1.7454457998275756, 1.6142702579498291, 1.469478440284729, 1.2606169700622558, 0.785819274187088, 0.645145446062088, 0.6193343043327332, 0.5729403972625733, 0.45296076536178587, 0.4290105879306793, 0.6082506656646729, 0.6071057975292206, 0.6069060087203979, 0.5824921190738678, 0.5834563732147217, 0.5638110220432282, 0.503060033917427, 0.5048358529806137, 0.5171942412853241, 0.5127697825431824, 0.5543988883495331, 0.5346315562725067, 0.43084814846515657, 0.4126213014125824, 0.42874303460121155, 0.41334855258464814, 0.3108623743057251, 0.32822864651679995, 0.47944231927394865, 0.49872146248817445, 0.6630166649818421, 0.6287732988595962, 0.45565431416034696, 0.4741706609725952, 0.5053340792655945, 0.4770028829574585, 0.4781530320644379, 0.47609463334083557, 0.5476035177707672, 0.538331139087677], "error_std_per_epoch": [0.43975934386253357, 0.45974374413490293, 0.45642511248588563, 0.49860996901988985, 0.6160350620746613, 0.778367280960083, 0.8455977439880371, 0.8398302674293519, 0.8215669989585876, 0.7483526587486267, 0.7332207381725311, 0.8434404730796814, 0.8512481153011322, 0.8714794933795929, 0.855789041519165, 0.832281744480133, 0.8390446186065674, 0.7986737966537476, 0.8130979120731354, 0.8256203234195709, 0.8197997033596038, 0.8461152791976929, 0.827625846862793, 0.7789921462535858, 0.7302603781223297, 0.7535057365894318, 0.7508913397789001, 0.6475187480449677, 0.6719323337078095, 0.7799146473407745, 0.7910890817642212, 0.8859191417694092, 0.8713510870933533, 0.7733077585697175, 0.7791041553020477, 0.7984521150588989, 0.7807823300361634, 0.7860091924667358, 0.7902578294277192, 0.8321384251117706, 0.8261832654476166], "activation_per_epoch": [0.9123761057853699, 0.9423232436180115, 1.0244541883468627, 1.219730257987976, 1.5362582206726074, 2.680753970146179, 3.388200831413269, 3.3483937978744507, 3.3788320779800416, 3.6528607845306396, 3.701853132247925, 3.449760675430298, 3.5054981231689455, 3.5422966718673705, 3.534923958778381, 3.5105597496032717, 3.5603971004486086, 3.7401384592056273, 3.7302326917648316, 3.668623518943787, 3.6577862977981566, 3.503240537643433, 3.5410809755325316, 3.8168190717697144, 3.805057406425476, 3.8295556545257567, 3.8795945405960084, 4.05697455406189, 4.008543348312378, 3.7233917236328127, 3.6841423749923705, 3.366031837463379, 3.427585792541504, 3.7765389919281005, 3.6886998653411864, 3.633274483680725, 3.6681250095367433, 3.6603041172027586, 3.685482048988342, 3.642281937599182, 3.6388184785842896], "group_errors": [[1.9160674810409546, 1.7598652297800237, 1.61370450258255, 1.5413099825382233, 1.2600779294967652, 1.0226976603269577, 0.6443127155303955, 0.6316653043031693, 0.5725058853626251, 0.5124791651964188, 0.4287303894758224, 0.5182997688651085, 0.6067229211330414, 0.6066038340330124, 0.5821040213108063, 0.5825959265232086, 0.5634868413209915, 0.5331118494272232, 0.5045584142208099, 0.510753658413887, 0.5125973403453827, 0.5334206014871598, 0.5344978332519531, 0.48262088745832443, 0.41251313090324404, 0.4205769538879395, 0.41325041055679324, 0.3620213598012924, 0.32815817594528196, 0.4037442922592163, 0.498585969209671, 0.5806821048259735, 0.628548663854599, 0.5420343101024627, 0.47404576241970064, 0.4896175220608711, 0.4768253773450851, 0.4774330615997314, 0.4760422378778458, 0.5117858275771141, 0.5382646650075913]], "group_std": [[0.43936821818351746, 0.45778965679082, 0.456294459104538, 0.47741245329380033, 0.6158301830291748, 0.697069039940834, 0.8451393961906433, 0.8422171592712402, 0.8210488617420196, 0.7844992756843567, 0.7328603148460389, 0.7878835499286652, 0.8508420407772064, 0.8610659301280975, 0.8554659366607666, 0.8436200261116028, 0.8385443747043609, 0.8184518188238143, 0.812806248664856, 0.8190426856279374, 0.8195539653301239, 0.8327207684516906, 0.8274177730083465, 0.8031159520149231, 0.7300847411155701, 0.741705733537674, 0.7507024645805359, 0.6990403950214386, 0.6718029677867889, 0.7257733076810837, 0.7909315943717956, 0.8382376164197922, 0.8710532546043396, 0.8220331847667695, 0.7788792550563812, 0.7885654121637344, 0.7805180609226227, 0.78318050801754, 0.7901564061641693, 0.8110859751701355, 0.826057368516922]], "group_activ": [[0.9123761057853699, 0.9396007765423168, 1.0244541883468627, 1.1220922231674195, 1.5362582206726074, 2.1085060954093935, 3.388200831413269, 3.36829731464386, 3.3788320779800416, 3.5158464312553406, 3.701853132247925, 3.575806903839111, 3.5054981231689455, 3.523897397518158, 3.534923958778381, 3.5227418541908264, 3.5603971004486086, 3.650267779827118, 3.7302326917648316, 3.699428105354309, 3.6577862977981566, 3.5805134177207947, 3.5410809755325316, 3.6789500236511232, 3.805057406425476, 3.8173065304756166, 3.8795945405960084, 3.968284547328949, 4.008543348312378, 3.865967535972595, 3.6841423749923705, 3.5250871062278746, 3.427585792541504, 3.602062392234802, 3.6886998653411864, 3.660987174510956, 3.6681250095367433, 3.664214563369751, 3.685482048988342, 3.6638819932937623, 3.6388184785842896]], "epochs": [0, 10, 20, 30, 40, 50, 60, 70, 80, 90, 100, 110, 120, 130, 140, 150, 160, 170, 180, 190, 200, 210, 220, 230, 240, 250, 260, 270, 280, 290, 300, 310, 320, 330, 340, 350, 360, 370, 380, 390, 400]}