{"error_per_epoch": [1.9718376398086548, 1.86492862701416, 1.6038025498390198, 1.3519289255142213, 1.1000106453895568, 0.7153811454772949, 0.3966908872127533, 0.26575533002614976, 0.18321720957756044, 0.14728838503360747, 0.11734968349337578, 0.10227079167962075, 0.08947132155299187, 0.08757786378264427, 0.07829355075955391, 0.07044153958559037, 0.0685675822198391, 0.06287115290760995, 0.058386990800499916, 0.0585823617875576, 0.05805376842617989, 0.05391857735812664, 0.05191384591162205, 0.05020750947296619, 0.049186545237898824, 0.04775692075490952, 0.045899031311273576, 0.043922148644924164, 0.04306111373007297, 0.04618283174932003, 0.04338684119284153, 0.0428672082722187, 0.03930861093103886, 0.03845629654824734, 0.036487634479999545, 0.038180088996887206, 0.036227539926767346, 0.03729738742113113, 0.0364886611700058, 0.03623494170606136, 0.03604613095521927, 0.03452006448060274, 0.033270389586687085, 0.034127519465982914, 0.034678605012595655, 0.0328239019960165, 0.03267949037253857, 0.03284583687782287, 0.032191377319395545, 0.032766327075660226, 0.029732882976531982, 0.02908596396446228, 0.0301807414740324, 0.029780339822173117, 0.0282319912686944, 0.027799925953149795, 0.02977415081113577, 0.02859947830438614, 0.028379880264401434, 0.02819677870720625, 0.027980887331068516, 0.026670417934656142, 0.027899844385683537, 0.027169326692819594, 0.02560220956802368, 0.025502904132008553, 0.02570558600127697, 0.025523471646010876, 0.025153585150837897, 0.024424950964748858, 0.024615702964365483, 0.024832480028271674, 0.023244433104991913, 0.028108521737158297, 0.024479113519191742, 0.022334345802664756, 0.02528143022209406, 0.025598884373903275, 0.023510321229696273, 0.022957048565149307, 0.022291154600679874, 0.020699245296418665, 0.022392907366156577, 0.021255423314869404, 0.021645641699433327, 0.021229633875191212, 0.021099187433719635, 0.020914873108267784, 0.020678848400712012, 0.02111990414559841, 0.020863094180822373, 0.02092421930283308, 0.020176810212433338, 0.02070697396993637], "error_std_per_epoch": [0.5805566906929016, 0.5796276032924652, 0.46656944751739504, 0.3797489106655121, 0.3294451832771301, 0.3853441834449768, 0.3358470529317856, 0.2283567264676094, 0.16332404762506486, 0.1181138813495636, 0.09947681948542594, 0.08652275800704956, 0.08113891184329987, 0.07741839662194253, 0.06744619198143482, 0.06584970876574517, 0.06311021223664284, 0.060213590413331984, 0.05489876717329025, 0.057032733038067815, 0.05562116615474224, 0.05458482801914215, 0.0476834025233984, 0.04375198595225811, 0.04701940454542637, 0.043943339586257936, 0.0426392886787653, 0.041620197147130965, 0.040674968436360356, 0.04459400773048401, 0.04130024388432503, 0.041670050099492074, 0.03500187508761883, 0.036336296051740644, 0.03417406287044287, 0.03665023129433394, 0.03455847669392824, 0.03655089866369963, 0.035361775383353236, 0.03523358404636383, 0.03288235943764448, 0.0332154106348753, 0.0311569606885314, 0.03118545524775982, 0.03260255679488182, 0.031351887993514536, 0.031359567493200305, 0.031443705037236216, 0.030030066892504693, 0.03194669652730227, 0.02842500600963831, 0.028033720329403877, 0.029931287467479705, 0.027690232917666435, 0.026794867403805257, 0.02626221254467964, 0.028787698969244956, 0.027375137619674205, 0.028495950251817705, 0.02774630468338728, 0.027090631425380707, 0.02572827264666557, 0.027675968781113624, 0.026025249809026717, 0.02514901328831911, 0.02493562549352646, 0.026322434842586517, 0.024794441275298597, 0.026583053916692734, 0.02562568299472332, 0.023798880726099016, 0.0253958398476243, 0.023920899257063866, 0.02856937237083912, 0.024316900037229063, 0.023465541563928126, 0.028380611166357993, 0.027148565277457237, 0.024209652468562125, 0.02233615517616272, 0.02259142752736807, 0.019323367811739444, 0.022618128359317778, 0.020002757757902147, 0.02095286324620247, 0.02242217157036066, 0.02302458081394434, 0.02074976796284318, 0.0204413341358304, 0.021468620374798776, 0.02009918764233589, 0.02096247151494026, 0.020595359802246093, 0.02017073519527912], "activation_per_epoch": [1.5586512088775635, 1.5906805038452148, 1.6586972713470458, 1.7983821749687194, 2.1081852078437806, 2.999616265296936, 3.4452556848526, 3.508198285102844, 3.6780217409133913, 3.8076723337173464, 3.8336090564727785, 3.7802496194839477, 3.7938272953033447, 3.887475061416626, 3.9111146926879883, 3.8834561347961425, 3.87483696937561, 3.938017225265503, 3.9619789361953734, 4.004821157455444, 4.000584769248962, 3.967310571670532, 3.9882471799850463, 4.041449737548828, 4.02784423828125, 3.98748779296875, 3.9970700979232787, 4.017122411727906, 4.035603475570679, 4.0341432094573975, 4.046560573577881, 4.051887035369873, 4.058705425262451, 4.029916667938233, 4.05428900718689, 4.080220413208008, 4.071973085403442, 4.094145631790161, 4.094025468826294, 4.0890990734100345, 4.089152717590332, 4.093997383117676, 4.090655183792114, 4.119548702239991, 4.143588733673096, 4.126037311553955, 4.129045104980468, 4.110736656188965, 4.0980908393859865, 4.1357715129852295, 4.144240808486939, 4.126314163208008, 4.110294198989868, 4.11045823097229, 4.166447591781616, 4.169376564025879, 4.1684314727783205, 4.184416151046753, 4.164112234115601, 4.1737555980682375, 4.166536283493042, 4.180369186401367, 4.196575736999511, 4.199071455001831, 4.16031928062439, 4.1730637550354, 4.1660003662109375, 4.181754302978516, 4.20099835395813, 4.208888578414917, 4.176077747344971, 4.194580364227295, 4.220848083496094, 4.223137855529785, 4.230486631393433, 4.238833379745484, 4.237457323074341, 4.182428550720215, 4.186427736282349, 4.172202634811401, 4.187480497360229, 4.223046207427979, 4.222167730331421, 4.214189720153809, 4.21374478340149, 4.232879304885865, 4.213951873779297, 4.222586679458618, 4.219945335388184, 4.2175822257995605, 4.228124380111694, 4.225115156173706, 4.2203388690948485, 4.239665985107422], "group_errors": [[1.9709055423736572, 1.8736646608872847, 1.6021481513977052, 1.4763587594032288, 1.0986480355262755, 0.9061789214611053, 0.39605500400066374, 0.33054662570357324, 0.18294223248958588, 0.16500572338700295, 0.11714897528290749, 0.10968005992472171, 0.0893582709133625, 0.08837922811508178, 0.07819640934467316, 0.07429269663989543, 0.06848751530051231, 0.06565257385373116, 0.058358914032578466, 0.058447114378213885, 0.05800676010549068, 0.055945811420679094, 0.051883616298437116, 0.05102739185094833, 0.049143340438604355, 0.04843553528189659, 0.045887001976370814, 0.04489576816558838, 0.04303639866411686, 0.044594093970954415, 0.043343235924839976, 0.043091699667274955, 0.03927350789308548, 0.03885377924889326, 0.03646461628377438, 0.037311361730098726, 0.03621234223246574, 0.0367444783449173, 0.03647216632962227, 0.036342138424515724, 0.036023370921611786, 0.03526127496734262, 0.03325552232563496, 0.03367933370172978, 0.03465800192207098, 0.033729239366948605, 0.03265663497149944, 0.03274167571216822, 0.032162443920969966, 0.03245038334280252, 0.029714291729032994, 0.028992826119065285, 0.030008072372187267, 0.02975710090249777, 0.028980677109211685, 0.027787265926599504, 0.028774527553468942, 0.028581125289201738, 0.02847093194723129, 0.028170615434646606, 0.028069668263196946, 0.026651872880756856, 0.027266623638570308, 0.02714452240616083, 0.02636634325608611, 0.025495896115899086, 0.025584930926561354, 0.025502262637019157, 0.025321155413985254, 0.024408283084630965, 0.024506395403295755, 0.024823251739144327, 0.023135200142860413, 0.02757916988974268, 0.024457092769443987, 0.023388391360640526, 0.025257821567356585, 0.025416094437241556, 0.02349395342171192, 0.02322114212438464, 0.022285136207938195, 0.02148847170174122, 0.02238336727023125, 0.02181477742269635, 0.02163323499262333, 0.02142445994541049, 0.021090921573340894, 0.02100150939077139, 0.020674111694097518, 0.020893671084195375, 0.020858435332775115, 0.020886477269232272, 0.020175926387310028, 0.020692627876996994]],