{"error_per_epoch": [2.1379685401916504, 1.7522281765937806, 1.4123696863651276, 0.8624346107244492, 0.4861288651823997, 0.5979459583759308, 0.6928916662931442, 0.5485349595546722, 0.5657571434974671, 0.515152096748352, 0.5057677090167999, 0.48325687646865845, 0.5270999699831009, 0.5216015845537185, 0.43471693694591523, 0.45263699591159823, 0.46867103427648543, 0.5264285609126091, 0.4613293468952179, 0.41785559952259066, 0.4091770097613335, 0.4950830414891243, 0.37296638935804366, 0.4919797286391258, 0.5747049942612648, 0.39649449586868285, 0.48123266100883483, 0.3107034742832184, 0.45180771350860593, 0.4148522883653641, 0.49369938522577284, 0.2805211037397385, 0.4424243465065956, 0.44225253611803056, 0.5940183252096176, 0.3748709186911583, 0.30745983868837357, 0.45507888644933703, 0.329438254237175, 0.4595630496740341, 0.4451388418674469, 0.4153677895665169, 0.382995468378067, 0.4524509608745575, 0.3537089556455612, 0.4007179647684097], "error_std_per_epoch": [0.5140244960784912, 0.4272960379719734, 0.490201061964035, 0.7978407382965088, 0.729257607460022, 0.8391496807336807, 0.8862935692071915, 0.8301259934902191, 0.8411945670843124, 0.8074071675539016, 0.8045538067817688, 0.7751627445220948, 0.8011925697326661, 0.79845812022686, 0.7518992930650711, 0.7652681797742844, 0.77703877389431, 0.8005964249372483, 0.7607991755008697, 0.7388532787561417, 0.732858145236969, 0.7779534846544266, 0.6943934798240662, 0.7660883754491806, 0.7976232379674911, 0.7011841714382172, 0.7622605621814728, 0.633891561627388, 0.7474538236856461, 0.7160376995801926, 0.7550463974475861, 0.6099262595176697, 0.7390783697366714, 0.7325019717216492, 0.8031937718391419, 0.6824630767107009, 0.6311541557312011, 0.7320647984743118, 0.6454222202301025, 0.72819884121418, 0.7298774093389511, 0.7019115120172501, 0.6824197828769684, 0.728987404704094, 0.6638794779777527, 0.6870498895645142], "activation_per_epoch": [1.0701111555099487, 1.046232408285141, 1.295165079832077, 2.6651710867881775, 3.302932286262512, 3.0888710260391234, 2.9199270248413085, 3.128830075263977, 3.074896812438965, 3.2285684943199158, 3.3228180527687075, 3.4281570076942445, 3.3175036549568175, 3.2891231894493105, 3.493060553073883, 3.45303852558136, 3.4228245973587037, 3.2870400667190554, 3.4070538520812987, 3.542949140071869, 3.5388254165649413, 3.3037178039550783, 3.5825801372528074, 3.2977689146995544, 3.0683939337730406, 3.63299822807312, 3.416917312145233, 3.745459830760956, 3.4926056027412415, 3.5092450976371765, 3.3212745666503904, 3.834675431251526, 3.4554797887802122, 3.4582963824272155, 3.0918841123580934, 3.5698559522628783, 3.7520573139190674, 3.3789878487586975, 3.701830744743347, 3.3889312624931334, 3.463567543029785, 3.468678021430969, 3.5541748285293577, 3.402174198627472, 3.6229973077774047, 3.460287702083588], "group_errors": [[2.1358819007873535, 1.7686951387496221, 1.4118591666221618, 1.1365376353263854, 0.48543639928102494, 0.5415354616940021, 0.6924705028533935, 0.6203718975186348, 0.5655378818511962, 0.5402289740741253, 0.5055638313293457, 0.49430118724703787, 0.5269196391105652, 0.5241988629102707, 0.43462600409984586, 0.44358721747994423, 0.46856229156255724, 0.4974273078143597, 0.46121799796819685, 0.4394886113703251, 0.40910704880952836, 0.4520325757563114, 0.37288990467786787, 0.43237487971782684, 0.5745420932769776, 0.4854723498225212, 0.48111939877271653, 0.3958768382668495, 0.451696389913559, 0.433226078748703, 0.493569952249527, 0.387017984688282, 0.4423259735107422, 0.44223983213305473, 0.5938268318772316, 0.4843075774610043, 0.30740359872579576, 0.3811890698969364, 0.32937570512294767, 0.3944308064877987, 0.4450873821973801, 0.4302071757614613, 0.3829533472657204, 0.4176776833832264, 0.353657940030098, 0.3771680325269699]], "group_std": [[0.513429582118988, 0.43144478116716656, 0.49022605270147324, 0.6441641069948674, 0.7289757817983628, 0.7839061796665192, 0.8858213931322098, 0.8577833369374275, 0.8408664882183075, 0.8239511340856552, 0.8042125850915909, 0.7895520552992821, 0.8009199053049088, 0.7995911702513695, 0.7517423063516617, 0.7584301277995109, 0.7768554061651229, 0.7886075958609581, 0.7605977982282639, 0.7496432825922966, 0.7327372431755066, 0.7552383422851563, 0.6942592203617096, 0.7300710707902909, 0.7973890423774719, 0.749218063056469, 0.7620768785476685, 0.6979321792721749, 0.7472802996635437, 0.7315670147538185, 0.7548402041196823, 0.6823351442813873, 0.7389087319374085, 0.7356159493327141, 0.8029129475355148, 0.7425958022475243, 0.6310594886541366, 0.6814838513731957, 0.6453012883663177, 0.6866872161626816, 0.7297814786434174, 0.7158135890960693, 0.6823360949754715, 0.7056196391582489, 0.6637743800878525, 0.6753758326172828]], "group_activ": [[1.0701111555099487, 1.0473694914863223, 1.295165079832077, 1.9801680833101272, 3.302932286262512, 3.195901656150818, 2.9199270248413085, 3.024378550052643, 3.074896812438965, 3.1517326533794403, 3.3228180527687075, 3.3754875302314757, 3.3175036549568175, 3.303313422203064, 3.493060553073883, 3.4730495393276213, 3.4228245973587037, 3.3549323320388793, 3.4070538520812987, 3.475001496076584, 3.5388254165649413, 3.4212716102600096, 3.5825801372528074, 3.440174525976181, 3.0683939337730406, 3.3506960809230804, 3.416917312145233, 3.5811885714530947, 3.4926056027412415, 3.500925350189209, 3.3212745666503904, 3.577974998950958, 3.4554797887802122, 3.456888085603714, 3.0918841123580934, 3.330870032310486, 3.7520573139190674, 3.5655225813388824, 3.701830744743347, 3.5453810036182403, 3.463567543029785, 3.4661227822303773, 3.5541748285293577, 3.478174513578415, 3.6229973077774047, 3.541642504930496]], "epochs": [0, 20, 40, 60, 80, 100, 120, 140, 160, 180, 200, 220, 240, 260, 280, 300, 320, 340, 360, 380, 400, 420, 440, 460, 480, 500, 520, 540, 560, 580, 600, 620, 640, 660, 680, 700, 720, 740, 760, 780, 800, 820, 840, 860, 880, 900], "lr": [2.5e-05]}