{"error_per_epoch": [1.9005143642425537, 1.7196725130081176, 1.4177314996719361, 1.219842267036438, 0.8691568851470948, 0.546078759431839, 0.26536180526018144, 0.10078850165009498, 0.06989229172468185, 0.054483209177851676, 0.04316355511546135, 0.041780593991279605, 0.03424944542348385, 0.03579984828829765, 0.03226576410233974, 0.03192183058708906, 0.028893129155039787, 0.03062303513288498, 0.027213910967111586, 0.026594492420554162, 0.023147246055305003, 0.023515723273158075, 0.023756779730319977, 0.02272405307739973, 0.02247570101171732, 0.022271604090929032, 0.019726575165987015, 0.02129139583557844, 0.020447044260799886, 0.019345180690288545, 0.01787124201655388, 0.01886762958019972, 0.016944696288555862, 0.01664367699995637, 0.016530457232147456, 0.017307046428322793, 0.015740087442100047, 0.017339935805648566, 0.015585058089345693, 0.015279546473175287, 0.015082178544253111, 0.013119856268167496, 0.013450305070728063, 0.014092208072543144, 0.013382453471422195, 0.014194636140018702, 0.01342388866469264, 0.014528594724833966, 0.013555643055588007, 0.013338093552738428, 0.012236567214131355, 0.012415805365890265, 0.012619559839367866, 0.01221504621207714, 0.011866644583642482, 0.01275558564811945, 0.012063646409660577, 0.011326051689684391, 0.011439641751348973, 0.01101483041420579, 0.010230782348662615, 0.011728030070662499, 0.011394978407770396, 0.010585329402238131, 0.010589016135782003, 0.010343103855848312, 0.010415331926196814, 0.00998707190155983, 0.009891520161181689, 0.010128117818385362, 0.010136627405881882, 0.010055147670209407, 0.010191857814788818, 0.009828127641230821, 0.009121375996619463, 0.009539867611601948, 0.00948337148874998, 0.00978899309411645, 0.009113007225096226, 0.009647847898304463, 0.009137609321624041, 0.009705727640539407, 0.008586671249940992, 0.009433004492893814, 0.009257069416344165, 0.009207035694271327, 0.008415115345269442, 0.008526795776560903, 0.007730398885905742, 0.010141495894640685, 0.009293724317103624], "error_std_per_epoch": [0.5213273167610168, 0.5154464781284332, 0.4234428405761719, 0.39252894222736356, 0.49278014004230497, 0.4474173873662949, 0.2872446417808533, 0.09121158979833126, 0.06134382970631123, 0.045826205611228944, 0.03922954089939594, 0.034983262047171594, 0.027233833074569704, 0.02964805010706186, 0.026536524295806885, 0.026398772932589055, 0.02404720839112997, 0.023808938823640345, 0.02123731505125761, 0.020727326255291702, 0.017049887124449013, 0.018680174369364977, 0.022354858368635176, 0.022079631127417086, 0.0199535277672112, 0.018265359848737717, 0.01596724512055516, 0.018426474835723638, 0.01724581718444824, 0.017972697224467992, 0.015896438900381327, 0.015387465804815292, 0.01429763799533248, 0.013097114767879248, 0.013933286257088184, 0.015497435815632343, 0.012728715036064386, 0.016074946988373993, 0.01299184700474143, 0.013435341324657202, 0.012152815703302622, 0.011477069230750203, 0.012422207463532686, 0.01188742946833372, 0.011273162253201009, 0.012255379930138588, 0.011406852211803199, 0.01213541030883789, 0.01128036379814148, 0.01103566475212574, 0.010956390714272856, 0.010460499487817288, 0.010698668472468854, 0.00925504439510405, 0.009062281483784318, 0.010718206176534295, 0.010586342634633183, 0.0095230623614043, 0.010018954705446958, 0.009296716656535864, 0.008626379165798425, 0.0099606326315552, 0.009550290135666727, 0.00892629991285503, 0.008998464699834586, 0.00868935096077621, 0.008913371805101633, 0.008993357885628939, 0.008324755541980266, 0.00939892497844994, 0.008683761907741427, 0.00788423060439527, 0.009032298810780048, 0.008336602477356791, 0.007450948422774673, 0.007771496474742889, 0.008035122836008667, 0.00862358403392136, 0.007791464496403932, 0.008420416247099638, 0.007581508671864867, 0.008770756842568516, 0.007133806822821498, 0.007889592740684747, 0.007712185010313987, 0.007899024384096264, 0.006954882526770234, 0.006664471421390772, 0.0058372418861836195, 0.0095632151234895, 0.007586726360023022], "activation_per_epoch": [1.0371865034103394, 1.0684105515480042, 1.1843978762626648, 1.3803998589515687, 2.1917822122573853, 3.0382008790969848, 3.6100558042526245, 4.065323352813721, 4.097485017776489, 4.0565396547317505, 4.092582273483276, 4.033212757110595, 4.0162938117980955, 4.030201435089111, 4.059815788269043, 4.132203578948975, 4.131840801239013, 4.107388114929199, 4.077325963973999, 3.953205633163452, 3.961997961997986, 4.073526620864868, 4.072445392608643, 4.050361967086792, 4.071959972381592, 4.087390661239624, 4.080700874328613, 4.076831865310669, 4.076300573348999, 4.064060258865356, 4.071275854110718, 4.145919322967529, 4.159447479248047, 4.181732654571533, 4.169282245635986, 4.037728977203369, 4.015667080879211, 4.1565831184387205, 4.200936889648437, 4.326682376861572, 4.303302478790283, 4.043261218070984, 4.0263993501663204, 4.16975212097168, 4.169957065582276, 4.1172935485839846, 4.134846019744873, 4.247618722915649, 4.229574394226074, 4.093250513076782, 4.09058256149292, 4.212974214553833, 4.231229257583618, 4.217069053649903, 4.2261957168579105, 4.2472710609436035, 4.251024436950684, 4.096896648406982, 4.121215057373047, 4.2639306545257565, 4.249547290802002, 4.237787246704102, 4.237573671340942, 4.2780508518219, 4.257038974761963, 4.110680150985718, 4.120532608032226, 4.23585991859436, 4.220096206665039, 4.072169780731201, 4.071856880187989, 4.163341331481933, 4.190285968780517, 4.3184654712677, 4.310465526580811, 4.244805192947387, 4.2528712272644045, 4.288473224639892, 4.285672044754028, 4.165500926971435, 4.174847793579102, 4.33511791229248, 4.322328567504883, 4.321598672866822, 4.306304407119751, 4.296442651748658, 4.29843168258667, 4.33201379776001, 4.3298659324646, 4.205267095565796, 4.223789930343628], "group_errors": [[1.8975884914398193, 1.7344701398502698, 1.416356885433197, 1.3174753665924073, 0.8683360099792481, 0.706540496647358, 0.2648985475301743, 0.18268078118562697, 0.06977595686912537, 0.06205786485224962, 0.043083370104432105, 0.042394695803523064, 0.03421417623758316, 0.03497593086212873, 0.032233072072267534, 0.032040956895798445, 0.02885691449046135, 0.029713725857436656, 0.027178998664021493, 0.026862645335495473, 0.023124374076724054, 0.023307843785732984, 0.023732717894017697, 0.023221748974174262, 0.02245183549821377, 0.0223494459874928, 0.01970052570104599, 0.020489892177283763, 0.02043293444439769, 0.019878096459433437, 0.01785209374502301, 0.01834742254577577, 0.01693016467615962, 0.016780980583280324, 0.016510868538171054, 0.01689912094734609, 0.015728943794965745, 0.016524109849706294, 0.015562653448432684, 0.015414534276351333, 0.015070924069732428, 0.014090268034487962, 0.013437988702207804, 0.013761549815535545, 0.013369888439774514, 0.013778261560946702, 0.013414472155272961, 0.013964863400906325, 0.013549486920237542, 0.013438868103548884, 0.012228969857096672, 0.012316233944147825, 0.012614280078560114, 0.012410752382129431, 0.011854093428701163, 0.012301280628889799, 0.01205333424732089, 0.011686915764585137, 0.011431687325239182, 0.01122130868025124, 0.010221231169998646, 0.010968564869835972, 0.011381867155432702, 0.010978759918361902, 0.010581380128860474, 0.010457191802561282, 0.01040480686351657, 0.010192080168053508, 0.009882819652557374, 0.010000975104048848, 0.010128020774573088, 0.010089372796937824, 0.010179230570793152, 0.00999907571822405, 0.009113209974020719, 0.009322535642422736, 0.009476497117429972, 0.009629342472180724, 0.009105321019887924, 0.009372578049078584, 0.009130154829472303, 0.009411694761365653, 0.00857636290602386, 0.009000836266204714, 0.009249312710016966, 0.009224443370476365, 0.008406717097386718, 0.008460121578536928, 0.0077211310621351, 0.008925698255188763, 0.009279647283256054]],