{"error_per_epoch": [1.9693104028701782, 1.5372114777565002, 1.2711936116218567, 1.0280325055122375, 0.6203525483608245, 0.20576292723417283, 0.1185841478407383, 0.08139559552073479, 0.06827834099531174, 0.0599425170570612, 0.05441239550709724, 0.05077440924942493, 0.049111074209213255, 0.045653459057211875, 0.04507157914340496, 0.04182864241302013, 0.041167744994163515, 0.03972534611821175, 0.037246307358145714, 0.037491610273718834, 0.03564129546284676, 0.03513263612985611, 0.03485771045088768, 0.03458178862929344, 0.03296728618443012, 0.031749429367482665, 0.030581124499440192, 0.030543502978980543, 0.029631480015814303, 0.028422255627810956, 0.028629368171095848, 0.027917700260877608, 0.027638786099851133, 0.0271039629355073, 0.026348133012652396, 0.02532530836760998, 0.025641170144081116, 0.025372125022113324, 0.025001222267746925, 0.02330965306609869, 0.02356449533253908, 0.0236945316195488, 0.023609296418726444, 0.022705226577818392, 0.02225653026252985, 0.021826549246907235, 0.02144118696451187, 0.021753332763910293, 0.021127669513225554, 0.021279864944517612, 0.020600537396967412, 0.0211537579074502, 0.020703002996742725, 0.020081758871674536, 0.01995509322732687, 0.01977511905133724, 0.01889196429401636, 0.01899721398949623, 0.01944267489016056, 0.01889821495860815, 0.018563101813197137, 0.018380658514797688, 0.018366590328514575, 0.018081276677548885, 0.01811939086765051, 0.018078375793993472, 0.017362556234002114, 0.017590179480612277, 0.017364702373743057, 0.017119185719639062, 0.01684255599975586, 0.017202962934970856, 0.016436758637428283, 0.016186004877090453, 0.01667582057416439, 0.01630078749731183, 0.015950199868530034, 0.016017403360456227, 0.01545752640813589, 0.01563331242650747, 0.0157988621853292, 0.01557966722175479, 0.015904006920754908, 0.015573630016297102, 0.015565253887325525, 0.015650478843599557, 0.015477623511105775, 0.015505256317555904, 0.015030987840145827, 0.01512315021827817, 0.014941092301160096, 0.01484658634290099, 0.015268141403794289, 0.014930735994130372, 0.014889290370047093], "error_std_per_epoch": [0.5238629579544067, 0.41611153781414034, 0.34341471195220946, 0.3120631515979767, 0.2893502086400986, 0.1742111325263977, 0.10634665861725807, 0.07062404304742813, 0.06061591655015945, 0.05276552699506283, 0.04877250380814076, 0.04632229283452034, 0.047076013311743735, 0.04180865697562695, 0.04177263490855694, 0.039724650979042056, 0.03837199211120605, 0.03602544516324997, 0.03572690710425377, 0.03578181192278862, 0.033736089058220384, 0.033098260313272475, 0.03288604412227869, 0.03271668925881386, 0.03168273996561766, 0.030111484602093695, 0.0284962497651577, 0.02836919352412224, 0.027698507718741893, 0.027237949147820472, 0.027060037665069103, 0.028417955711483957, 0.02644360065460205, 0.026899665035307406, 0.026582518592476845, 0.02369944341480732, 0.024879768118262292, 0.025086519308388233, 0.024257079511880875, 0.02232358045876026, 0.023185714706778528, 0.023744437098503112, 0.024436880275607108, 0.022188197821378708, 0.022609791532158852, 0.021123567037284373, 0.0210573585703969, 0.021582421101629733, 0.020960603654384614, 0.021043941378593445, 0.019705467112362384, 0.020507676154375078, 0.019498327374458314, 0.020499157533049584, 0.019824800081551075, 0.019741617515683173, 0.017972049489617347, 0.01873300112783909, 0.018996804021298885, 0.018153497576713563, 0.018312573619186878, 0.01787126585841179, 0.01842512600123882, 0.017933132126927376, 0.018277483619749547, 0.017863598186522722, 0.016685406491160393, 0.017243750020861627, 0.016972479689866305, 0.017193962074816226, 0.016724588070064782, 0.016746402997523547, 0.015714503172785044, 0.01581552196294069, 0.016403991263359785, 0.015289432741701603, 0.015059669502079487, 0.015864609740674496, 0.014543786644935608, 0.015014164336025714, 0.015536941960453987, 0.015516133047640324, 0.01543732825666666, 0.015419909730553627, 0.015626888535916806, 0.015305786393582821, 0.01498434329405427, 0.015324138943105936, 0.015007305052131414, 0.014576308149844407, 0.014663663320243358, 0.01415393827483058, 0.015330432634800672, 0.01429870966821909, 0.014451193623244762], "activation_per_epoch": [1.4318660497665405, 1.4829384088516235, 1.6377287268638612, 2.0051532864570616, 2.9580849409103394, 4.1092623472213745, 4.244545793533325, 4.260464477539062, 4.260436105728149, 4.282712507247925, 4.33645715713501, 4.343932104110718, 4.356262111663819, 4.358829402923584, 4.364917469024658, 4.343230056762695, 4.36382098197937, 4.337901306152344, 4.356127500534058, 4.3777190208435055, 4.381676769256591, 4.398522663116455, 4.392964458465576, 4.381558418273926, 4.385834503173828, 4.3639235496521, 4.376916742324829, 4.393309450149536, 4.386020517349243, 4.371971654891968, 4.390171146392822, 4.448789596557617, 4.44817361831665, 4.459811735153198, 4.445882177352905, 4.433605432510376, 4.443494081497192, 4.413993072509766, 4.414469909667969, 4.448302698135376, 4.443395042419434, 4.456822299957276, 4.469228601455688, 4.446997404098511, 4.451609754562378, 4.455850839614868, 4.449408912658692, 4.450691032409668, 4.449315547943115, 4.467896842956543, 4.468959045410156, 4.424507522583008, 4.42491455078125, 4.433729410171509, 4.434484577178955, 4.45286226272583, 4.46428656578064, 4.489882135391236, 4.475341653823852, 4.433846473693848, 4.427555131912231, 4.419143724441528, 4.432450151443481, 4.449709558486939, 4.45532341003418, 4.4646031856536865, 4.467279291152954, 4.45273232460022, 4.452586126327515, 4.412760591506958, 4.4152336597442625, 4.409961557388305, 4.418236303329468, 4.478006410598755, 4.479701852798462, 4.46326003074646, 4.468156337738037, 4.475764465332031, 4.4852207660675045, 4.500358200073242, 4.4966206550598145, 4.4730125904083256, 4.476645755767822, 4.546271467208863, 4.540138816833496, 4.4542515754699705, 4.455466079711914, 4.43525538444519, 4.445339250564575, 4.502893161773682, 4.49186429977417, 4.462616062164306, 4.465264749526978, 4.469911098480225, 4.4739330291748045],