{"error_per_epoch": [2.0613174438476562, 1.8079800367355348, 1.6464933037757874, 1.4182208180427551, 1.1000991463661194, 0.873935866355896, 0.6640021800994873, 0.4582093179225922, 0.2953756660223007, 0.1987853467464447, 0.13829951211810113, 0.1163914293050766, 0.09725605025887489, 0.09688765704631805, 0.08424804881215095, 0.08053427562117577, 0.06654253676533699, 0.06092665269970894, 0.055037617683410645, 0.054923555627465245, 0.048128342628479, 0.046127600222826005, 0.044844504445791245, 0.039772025495767596, 0.03748446051031351, 0.04270856380462647, 0.04272073805332184, 0.03833418935537338, 0.03480361606925726, 0.034414158575236796, 0.03394385445863009, 0.03527895305305719, 0.03481444530189037, 0.03388090915977955, 0.033365242555737494, 0.03199908398091793, 0.033175854757428166, 0.03166447822004557, 0.029383864626288413, 0.02906429972499609, 0.028500777296721937, 0.02752334959805012, 0.025948496349155904, 0.028944884613156318, 0.024953003972768784, 0.02717701680958271, 0.028623246774077415, 0.027416796423494816, 0.026452566124498846, 0.027051280811429025, 0.023421215079724788], "error_std_per_epoch": [0.6208611726760864, 0.5947887182235718, 0.502733102440834, 0.39771959483623504, 0.47604468166828157, 0.5529134392738342, 0.4436926871538162, 0.3238258421421051, 0.27658772468566895, 0.20134285241365432, 0.1328477904200554, 0.11843392699956894, 0.09238744974136352, 0.09122321121394635, 0.07471699267625809, 0.07259160727262497, 0.05927801057696343, 0.052248886600136754, 0.05581534281373024, 0.04731549471616745, 0.04144791662693024, 0.03909043204039335, 0.04159453753381968, 0.035617022216320036, 0.03388758711516857, 0.03785988502204418, 0.03984159007668495, 0.03359981942921877, 0.032058614492416385, 0.03162083048373461, 0.03141795266419649, 0.030198271945118906, 0.030131253227591515, 0.03345688246190548, 0.029050217755138875, 0.029601318761706352, 0.034393425658345224, 0.03065672069787979, 0.028680232353508472, 0.025836699455976487, 0.02739356942474842, 0.024321485497057437, 0.02265593744814396, 0.026805106922984122, 0.022220189310610296, 0.024184226989746094, 0.027383237704634668, 0.025798856280744076, 0.02401346880942583, 0.02479184474796057, 0.02260951865464449], "activation_per_epoch": [1.1601561307907104, 1.15455105304718, 1.2609381794929504, 1.4318368434906006, 1.947688639163971, 2.516965699195862, 2.7760331630706787, 2.9457511425018312, 3.1204991817474363, 3.3754203081130982, 3.4672624588012697, 3.5016923427581785, 3.601553702354431, 3.7333444356918335, 3.757821297645569, 3.713672161102295, 3.746216154098511, 3.7716620206832885, 3.770002293586731, 3.833278274536133, 3.822035551071167, 3.8056581020355225, 3.8160709857940676, 3.8927203178405763, 3.9094100475311278, 3.8458345890045167, 3.838625168800354, 3.7628493309020996, 3.7656105756759644, 3.818803000450134, 3.8344125509262086, 3.7930725812911987, 3.803117823600769, 3.894445466995239, 3.9206323623657227, 3.945388150215149, 3.9420729160308836, 3.9296868801116944, 3.934573173522949, 3.9210861682891847, 3.9237162351608275, 3.9890912532806397, 3.971480107307434, 3.8778926372528075, 3.8848456144332886, 3.9069641828536987, 3.9110177755355835, 3.8593382835388184, 3.855090117454529, 3.898450231552124, 3.9144620180130003], "group_errors": [[2.058650016784668, 1.8298283165151423, 1.6453037858009338, 1.5314276039600372, 1.099177783727646, 0.9861282259225845, 0.6626394033432007, 0.5595285907387734, 0.29450284838676455, 0.246287901699543, 0.1380221851170063, 0.12710218764841558, 0.09707517698407173, 0.09682663939893246, 0.08402163684368133, 0.08220898248255253, 0.06647244803607463, 0.06362753268331289, 0.054955245554447175, 0.054923114366829395, 0.048077812790870665, 0.047085249610245225, 0.04480936415493488, 0.04226814229041338, 0.03744971565902233, 0.040060404874384406, 0.04266783930361271, 0.040485776774585244, 0.034776862151920794, 0.03458190048113465, 0.03391871489584446, 0.0345910151489079, 0.034783213213086125, 0.034316833969205617, 0.03333759978413582, 0.032650602515786886, 0.03312261085957289, 0.03237405363470316, 0.02934757564216852, 0.02919202307239175, 0.028483004495501518, 0.027994622383266686, 0.025923742540180685, 0.02742487322539091, 0.02492266409099102, 0.026036212965846062, 0.02860461361706257, 0.02799727227538824, 0.026425832509994508, 0.02672963459044695, 0.023394129984080792]], "group_std": [[0.6217201948165894, 0.5974185195836154, 0.5016194492578506, 0.4493677482008934, 0.4754434466362, 0.513914692401886, 0.44326017498970033, 0.38318235501646997, 0.2766837552189827, 0.23909527510404588, 0.13252181485295295, 0.12531241066753865, 0.09205318763852119, 0.0914572961628437, 0.07431322634220124, 0.07339630667120219, 0.05919477194547653, 0.055670101568102835, 0.055736567452549936, 0.05150546282529831, 0.04142694287002087, 0.04024403253570199, 0.04153326265513897, 0.03855378339067102, 0.03386349231004715, 0.03583745108917356, 0.03980174995958805, 0.03669379288330674, 0.032033239305019376, 0.03181309597566724, 0.031389045342803, 0.03078300729393959, 0.03009477574378252, 0.03176907701417804, 0.029025310836732387, 0.029293187707662583, 0.03432851508259773, 0.03247042456641793, 0.02862483439967036, 0.027220971463248134, 0.027365478873252868, 0.025832549668848515, 0.022630463540554046, 0.02470827307552099, 0.022182715497910975, 0.023171813692897558, 0.02736840918660164, 0.026568138040602207, 0.02397664450109005, 0.024375864118337632, 0.02256811149418354]], "group_activ": [[1.1601561307907104, 1.1550606055693193, 1.2609381794929504, 1.3463875114917756, 1.947688639163971, 2.2323271691799165, 2.7760331630706787, 2.860892152786255, 3.1204991817474363, 3.2479597449302675, 3.4672624588012697, 3.484477400779724, 3.601553702354431, 3.6674490690231325, 3.757821297645569, 3.7357467293739317, 3.746216154098511, 3.7589390873908997, 3.770002293586731, 3.801640284061432, 3.822035551071167, 3.8138468265533447, 3.8160709857940676, 3.8543956518173217, 3.9094100475311278, 3.8776223182678224, 3.838625168800354, 3.8007372498512266, 3.7656105756759644, 3.7922067880630492, 3.8344125509262086, 3.8137425661087034, 3.803117823600769, 3.848781645298004, 3.9206323623657227, 3.933010256290436, 3.9420729160308836, 3.9358798980712892, 3.934573173522949, 3.9278296709060667, 3.9237162351608275, 3.956403744220734, 3.971480107307434, 3.924686372280121, 3.8848456144332886, 3.8959048986434937, 3.9110177755355835, 3.885178029537201, 3.855090117454529, 3.8767701745033265, 3.9144620180130003]], "epochs": [0, 10, 20, 30, 40, 50, 60, 70, 80, 90, 100, 110, 120, 130, 140, 150, 160, 170, 180, 190, 200, 210, 220, 230, 240, 250, 260, 270, 280, 290, 300, 310, 320, 330, 340, 350, 360, 370, 380, 390, 400, 410, 420, 430, 440, 450, 460, 470, 480, 490, 500]}