{"error_per_epoch": [1.9664306640625, 1.9535923719406127, 1.7791399478912353, 1.6675039553642272, 1.6100996470451354, 1.5401029419898986, 1.4757551813125611, 1.4188020944595336, 1.3725529360771178, 1.3116590332984925, 1.3093348908424378, 1.2631252741813659, 1.2691416811943055, 1.2435160708427428, 1.2208446502685546, 1.1990371060371399, 1.1830223965644837, 1.1861599326133727, 1.1735930275917053, 1.1763337135314942, 1.1432752370834351, 1.156709508895874, 1.1331577849388124, 1.1277078485488892, 1.1221760201454163, 1.1137586450576782, 1.1017148089408875, 1.0933955812454224, 1.0883713960647583, 1.0874947810173035, 1.0658590722084045, 1.0733812594413756, 1.0657511687278747, 1.0449234306812287, 1.0424551701545715, 1.041757425069809, 1.030323383808136, 1.0412703037261963, 1.0266924512386322, 1.01828097820282, 1.0129796636104584, 1.0085756945610047, 1.0189957857131957, 1.0106411218643188, 1.002592556476593, 0.9910933518409729, 0.993194408416748, 0.9917009079456329, 1.0033776032924653, 0.9909583830833435, 0.9912186551094055, 0.9800150156021118, 0.9919845843315125, 0.9924173712730407, 0.9928620564937591, 0.9799092864990234, 0.983846675157547], "error_std_per_epoch": [0.3313067555427551, 0.36969060599803927, 0.5964220380783081, 0.6228586387634277, 0.6360331976413727, 0.6437583136558532, 0.6456567502021789, 0.6574871277809143, 0.6589980185031891, 0.6547769224643707, 0.6571406328678131, 0.657107812166214, 0.6564164972305297, 0.6615848636627197, 0.6635213577747345, 0.6570795011520386, 0.6610115051269532, 0.6618886888027191, 0.6554282808303833, 0.6678129327297211, 0.6579708766937256, 0.6683382213115692, 0.6659609258174897, 0.6655832707881928, 0.6627489638328552, 0.6600797867774963, 0.6659047365188598, 0.6611342132091522, 0.6670430028438568, 0.6620394372940064, 0.654603773355484, 0.6663280236721039, 0.6594436514377594, 0.6511594045162201, 0.6548081362247467, 0.656586035490036, 0.6526943957805633, 0.65848024725914, 0.6611049056053162, 0.6628351962566376, 0.6570288801193237, 0.652654892206192, 0.6552573716640473, 0.6518116891384125, 0.6472137439250946, 0.6498463869094848, 0.6455229353904725, 0.652329648733139, 0.6549503922462463, 0.6491958463191986, 0.6406828045845032, 0.6445830011367798, 0.6491459929943084, 0.6483418226242066, 0.6475262355804443, 0.6400167572498322, 0.6411271488666535], "activation_per_epoch": [1.345931053161621, 1.6480353331565858, 3.1025431823730467, 3.2909713077545164, 3.5473729085922243, 3.665801610946655, 3.782192630767822, 3.9838953399658203, 4.175632410049438, 4.121235609054565, 4.171842842102051, 4.184257221221924, 4.2058369827270505, 4.25150239944458, 4.2888057422637935, 4.334795236587524, 4.37166808128357, 4.360733585357666, 4.383771572113037, 4.383654804229736, 4.394839363098145, 4.3956318378448485, 4.399125289916992, 4.421634674072266, 4.420170631408691, 4.442554578781128, 4.439778318405152, 4.409594011306763, 4.458170471191406, 4.475173759460449, 4.53042628288269, 4.508328514099121, 4.492769231796265, 4.530547666549682, 4.49986909866333, 4.510352354049683, 4.5188510036468506, 4.531057081222534, 4.5440129375457765, 4.522256536483765, 4.537193984985351, 4.533600959777832, 4.538604717254639, 4.5344117069244385, 4.530620527267456, 4.544687452316285, 4.550509748458862, 4.551163330078125, 4.546452007293701, 4.542188272476197, 4.555042152404785, 4.563684129714966, 4.560222606658936, 4.556313371658325, 4.5435429954528805, 4.535746517181397, 4.5409464836120605], "group_errors": [[1.9249540567398071, 1.9494512548633651, 1.7262927556037904, 1.6372285592556, 1.4118634128570557, 1.3435527527332305, 1.1744945001602174, 1.1243470746278763, 0.9454011571407318, 0.8895829939842224, 0.814631667137146, 0.7702365487813949, 0.7042300415039062, 0.6905568075180054, 0.6372924041748047, 0.6358169239759445, 0.5652937656641006, 0.5625743654370308, 0.5507732594013214, 0.5361649841070175, 0.4921796506643295, 0.48275605618953704, 0.45174546897411344, 0.4454323238134384, 0.41976462185382846, 0.41975227296352385, 0.37023417830467226, 0.3779540953040123, 0.3519542223215103, 0.3539574909210205, 0.34516026079654694, 0.33446803480386733, 0.32010452419519425, 0.31412797212600707, 0.2978705409169197, 0.3003405445814133, 0.2856490704417229, 0.2798508736491203, 0.2559631475806236, 0.25904218524694445, 0.2562238410115242, 0.2593893484771252, 0.2551906085014343, 0.2570510113239288, 0.24887733072042464, 0.24843978017568588, 0.23427592396736144, 0.2368676595389843, 0.24374539136886597, 0.2452319346368313, 0.2424024847149849, 0.23327723369002343, 0.23307550728321075, 0.2304902532696724, 0.2356019824743271, 0.2350032766163349, 0.23990514606237412], [1.9764143228530884, 1.9525470055785834, 1.7655684852600098, 1.680247937440872, 1.5522529244422913, 1.52392347574234, 1.4191571474075317, 1.4122693586349486, 1.3744302296638489, 1.3485389316082002, 1.3408267664909364, 1.3110420644283294, 1.2908850073814393, 1.279722957611084, 1.2353607654571532, 1.2256657361984253, 1.2078465485572816, 1.2122554457187653, 1.217812898159027, 1.2078147077560424, 1.1842453265190125, 1.1956735014915467, 1.1806382179260253, 1.1763708508014679, 1.1667729115486145, 1.160224871635437, 1.162638041973114, 1.1541402387619017, 1.156985993385315, 1.1517294454574585, 1.1044708466529847, 1.1106773072481155, 1.1267946076393127, 1.1091967403888703, 1.0957687377929688, 1.093629331588745, 1.0865664970874787, 1.0928321427106857, 1.077634595632553, 1.071756168603897, 1.0661435210704804, 1.0555491596460342, 1.0747369158267974, 1.078360092639923, 1.0499470853805541, 1.0452309453487396, 1.0469215607643128, 1.0391642785072326, 1.039301574230194, 1.0309498709440232, 1.0377228915691377, 1.0287506943941116, 1.026462869644165, 1.0388165730237962, 1.0244181954860687, 1.0250975114107133, 1.0403927302360534], [1.9617072343826294, 1.9629213506100225, 1.8198828983306885, 1.7810550928115845, 1.7214178442955017, 1.6988084840774536, 1.6212948966026306, 1.584251538515091, 1.5549879813194274, 1.5345420801639558, 1.4950322818756103, 1.484231424331665, 1.4818455457687378, 1.4718120980262757, 1.4614831185340882, 1.446722421646118, 1.4447691822052002, 1.4459433388710021, 1.4104502081871033, 1.421508013010025, 1.3987552642822265, 1.4059711742401122, 1.393324737548828, 1.3938249611854554, 1.3962035775184631, 1.3821040427684783, 1.392994873523712, 1.3865315663814544, 1.3846859312057496, 1.3786376678943635, 1.3574036240577698, 1.3695473778247833, 1.3469820404052735, 1.3401345813274383, 1.3582819724082946, 1.3516843450069427, 1.3199538612365722, 1.341184800863266, 1.3596958875656129, 1.3399036061763763, 1.3069708514213563, 1.30940878033638, 1.327203199863434, 1.3198836982250213, 1.3139264941215516, 1.305065975189209, 1.2924193477630614, 1.3059373450279237, 1.3228571581840516, 1.3200238704681397, 1.3086358714103699, 1.3039064168930055, 1.3149859642982482, 1.3022122991085052, 1.3103139042854308, 1.3012450778484344, 1.3005474352836608], [1.9975610971450806, 1.9484481297287286, 1.8003588676452638, 1.7907383394241334, 1.7503333353996278, 1.7300262749195099, 1.685300657749176, 1.6647886300086976, 1.6113133931159973, 1.5922278094291686, 1.5848590707778931, 1.5772570669651031, 1.597431035041809, 1.5811039209365845, 1.5471101188659668, 1.529402643442154, 1.512156548500061, 1.5158234786987306, 1.513267276287079, 1.5322624611854554, 1.4961382150650024, 1.5137166249752045, 1.5055094289779662, 1.504715255498886, 1.5045208168029784, 1.5081640493869781, 1.479344472885132, 1.4699742197990417, 1.4583054041862489, 1.465645705461502, 1.4547065687179566, 1.4622216022014618, 1.4676873087882996, 1.456253092288971, 1.4163942456245422, 1.421103860139847, 1.4278499317169189, 1.4282283401489257, 1.412533278465271, 1.418365843296051, 1.4216071963310242, 1.4178279948234558, 1.4178820204734803, 1.4030368900299073, 1.3968583679199218, 1.3880635058879853, 1.3986637711524963, 1.387383941411972, 1.4071385335922242, 1.3919666957855226, 1.375731201171875, 1.3762027323246002, 1.3931354022026061, 1.3970454609394074, 1.4008714365959167, 1.3840167486667634, 1.3543915057182312]],