{"error_per_epoch": [2.007878303527832, 1.8695300698280335, 1.6784414529800415, 1.5818930983543396, 1.486184287071228, 1.2588852763175964, 0.948736572265625, 0.7733129441738129, 0.6983387231826782, 0.5807924211025238, 0.5969206631183624, 0.7290488839149475, 0.7115498125553131, 0.7287538826465607, 0.6958225071430206, 0.5492237359285355, 0.5221513122320175, 0.3677901804447174, 0.3936507523059845, 0.6610219717025757, 0.6539099216461182, 0.5490536451339721, 0.5541873633861542, 0.6701807081699371, 0.6305918335914612, 0.4349732637405396, 0.4328239858150482, 0.4749448984861374, 0.4687082976102829, 0.4295159190893173, 0.42497370541095736], "error_std_per_epoch": [0.4967257082462311, 0.472084054350853, 0.4621640771627426, 0.45796183347702024, 0.5452675640583038, 0.6631083965301514, 0.8282165467739105, 0.8600640952587127, 0.8713803648948669, 0.8257426142692565, 0.8539745330810546, 0.9114653050899506, 0.9076857089996337, 0.9177017271518707, 0.908687847852707, 0.8311708688735961, 0.8280776500701904, 0.7083537459373475, 0.7267194926738739, 0.8970835864543915, 0.895442521572113, 0.8352016925811767, 0.8454707860946655, 0.905096846818924, 0.8709625244140625, 0.7689101159572601, 0.7671006560325623, 0.7848574042320251, 0.7800065815448761, 0.7561474561691284, 0.7608426749706269], "activation_per_epoch": [0.969843327999115, 0.9592447876930237, 1.0002051055431367, 1.0510827898979187, 1.2203878998756408, 1.76923006772995, 2.517209506034851, 2.974093532562256, 3.0743998527526855, 3.2435309171676634, 3.2438211917877195, 2.9402351856231688, 2.945216703414917, 2.9474719047546385, 3.00629608631134, 3.331850051879883, 3.380628752708435, 3.6683680534362795, 3.6174367904663085, 3.1019657611846925, 3.115774893760681, 3.267855906486511, 3.2831706762313844, 3.0504234552383425, 3.1039326190948486, 3.5965920448303224, 3.56847505569458, 3.452475666999817, 3.4460025787353517, 3.508960795402527, 3.5440330505371094], "group_errors": [[2.004755973815918, 1.8800936070355503, 1.677810788154602, 1.6296219408512116, 1.4857086539268494, 1.3718756496906281, 0.9478416740894318, 0.8601851224899292, 0.6977453768253327, 0.6390966936945915, 0.5965717136859894, 0.6626482903957367, 0.7111401200294495, 0.7197495371103286, 0.6953444719314575, 0.6221141010522843, 0.5218572586774826, 0.4447230860590935, 0.39341399967670443, 0.5270615950226784, 0.6535514056682586, 0.6011754989624023, 0.5539496064186096, 0.6119178056716919, 0.630281588435173, 0.5325031876564026, 0.43262770473957063, 0.45372229218482973, 0.4685932546854019, 0.44900923073291776, 0.42488100826740266]], "group_std": [[0.49624258279800415, 0.4737652269276706, 0.46195724606513977, 0.45989200174808503, 0.5451208114624023, 0.604112046957016, 0.8280551016330719, 0.8439388304948807, 0.8710792899131775, 0.8483338773250579, 0.8536578953266144, 0.8823601245880127, 0.9072820842266083, 0.9122685223817826, 0.908277302980423, 0.8695132851600647, 0.8276944816112518, 0.7678809106349945, 0.7265018045902252, 0.811612793803215, 0.8949219644069671, 0.864847657084465, 0.8450725674629211, 0.8749017745256424, 0.8704981684684754, 0.8195153325796127, 0.7668183743953705, 0.7757480502128601, 0.7798267304897308, 0.7679109513759613, 0.7606703281402588]], "group_activ": [[0.969843327999115, 0.9602082913572138, 1.0002051055431367, 1.0256439477205277, 1.2203878998756408, 1.4948089838027954, 2.517209506034851, 2.7456515192985536, 3.0743998527526855, 3.1589653849601746, 3.2438211917877195, 3.092028188705444, 2.945216703414917, 2.9463443040847777, 3.00629608631134, 3.1690730690956115, 3.380628752708435, 3.524498403072357, 3.6174367904663085, 3.3597012758255005, 3.115774893760681, 3.191815400123596, 3.2831706762313844, 3.166797065734863, 3.1039326190948486, 3.3502623319625853, 3.56847505569458, 3.5104753613471984, 3.4460025787353517, 3.477481687068939, 3.5440330505371094]], "epochs": [0, 10, 20, 30, 40, 50, 60, 70, 80, 90, 100, 110, 120, 130, 140, 150, 160, 170, 180, 190, 200, 210, 220, 230, 240, 250, 260, 270, 280, 290, 300]}