{"error_per_epoch": [1.9408769607543945, 1.8847273588180542, 1.6872347950935365, 1.489469063282013, 1.286326491832733, 0.8765158653259277, 0.6822162568569183, 0.5714056313037872, 0.587761652469635, 0.7234421491622924, 0.6562647581100464, 0.5337423324584961, 0.3872845143079758, 0.43331147730350494, 0.4592114597558975, 0.3047295778989792, 0.23259053379297256, 0.1854289636015892, 0.16306350976228715, 0.14377896934747697, 0.1320221856236458, 0.11731535866856575, 0.10595535039901734, 0.09644917398691177, 0.09737885147333145, 0.09656404256820679, 0.08273520395159721, 0.09128716439008713, 0.07874929681420326, 0.08283032700419427, 0.08079455345869065, 0.07838958874344826, 0.07064986899495125, 0.08004748225212097, 0.06806111857295036, 0.06939237676560879, 0.06883510090410709, 0.07080146260559558, 0.06730816289782524, 0.069505213201046, 0.06443283036351204, 0.06721296533942223, 0.06730343475937843, 0.06283756196498871, 0.06295582428574562, 0.06925267353653908, 0.06025806181132794, 0.05939689129590988, 0.05726323239505291, 0.05629222579300404, 0.06030139550566673, 0.06083553843200207, 0.06076616235077381, 0.05976867973804474, 0.06013258509337902, 0.05662250965833664, 0.05421347729861736, 0.05338392555713654, 0.04831418469548225, 0.06040862947702408, 0.054375094920396806, 0.0498490646481514, 0.05036672241985798, 0.05080613382160663, 0.05345950238406658, 0.05403277352452278, 0.05046497881412506, 0.05514877513051033, 0.04885992556810379, 0.04878776594996452, 0.047824453189969064, 0.048569048196077345, 0.05059625208377838, 0.05199330598115921, 0.0466156680136919, 0.04928045757114887, 0.0460668720304966, 0.0480002149939537, 0.04464729093015194, 0.04360143356025219, 0.05081139914691448, 0.04458772428333759, 0.043557378277182576, 0.04300295822322368, 0.04191319346427917, 0.047685304284095766, 0.03879294209182262, 0.042146196216344835, 0.041815830022096635, 0.04310842417180538, 0.04472549669444561, 0.048232677206397054, 0.04211563281714916, 0.04410644099116325, 0.04196070358157158, 0.042501701042056084, 0.043208767846226695, 0.04204288050532341, 0.03964873068034649, 0.04076418541371822, 0.04059059135615826], "error_std_per_epoch": [0.6040469408035278, 0.46993306279182434, 0.4159058928489685, 0.40845327377319335, 0.4372725963592529, 0.6268550038337708, 0.5696380257606506, 0.5630022495985031, 0.5919057637453079, 0.6094029486179352, 0.6004949986934662, 0.49909334182739257, 0.36819673478603365, 0.42774992287158964, 0.47827098369598386, 0.296322001516819, 0.21550013422966002, 0.20387500375509263, 0.14941559061408044, 0.13818867281079292, 0.13607861027121543, 0.11694817915558815, 0.10045169219374657, 0.08920010551810265, 0.09196568131446839, 0.09379217401146889, 0.07766635827720166, 0.08906569145619869, 0.07241954058408737, 0.07168933674693108, 0.07866591699421406, 0.07203425504267216, 0.07302858792245388, 0.07767803519964218, 0.06470023915171623, 0.06479505784809589, 0.06417477093636989, 0.07405160740017891, 0.06515659913420677, 0.07257632799446583, 0.0627463173121214, 0.06721274703741073, 0.07466901317238808, 0.06627177931368351, 0.06747593097388745, 0.08119882941246033, 0.0614455159753561, 0.06194654628634453, 0.05981812961399555, 0.057252303883433345, 0.06792819313704967, 0.06264774352312089, 0.0634922083467245, 0.06556285433471203, 0.06359510943293571, 0.05830662064254284, 0.05566747784614563, 0.05244468003511429, 0.047243165969848636, 0.06343442350625991, 0.05632665455341339, 0.048612669855356214, 0.05300504341721535, 0.05138888470828533, 0.054946839436888696, 0.0576291874051094, 0.05338885709643364, 0.05583159625530243, 0.04741704035550356, 0.05058604069054127, 0.0502024307847023, 0.04777933098375797, 0.049390613287687304, 0.053113562613725664, 0.04824590664356947, 0.046796783804893494, 0.04933027122169733, 0.052731938660144806, 0.0462545994669199, 0.04324458669871092, 0.057042759656906125, 0.04881049543619156, 0.046192828193306924, 0.043166502937674524, 0.04396854806691408, 0.04914247766137123, 0.038078404404222964, 0.038800213113427164, 0.040366856195032594, 0.04299416206777096, 0.046525140106678006, 0.053476879745721816, 0.04427771810442209, 0.04640377834439278, 0.0423049945384264, 0.04375469498336315, 0.04199990350753069, 0.043077831715345384, 0.04111248999834061, 0.043739048019051555, 0.04214915093034506], "activation_per_epoch": [1.840504765510559, 1.83461651802063, 1.9022962212562562, 2.0621113896369936, 2.4030921936035154, 3.6066784620285035, 3.9931859731674195, 4.08572564125061, 4.11447172164917, 4.065817785263062, 4.118960237503051, 4.2095427989959715, 4.395477151870727, 4.311214876174927, 4.131070756912232, 4.25140495300293, 4.335016822814941, 4.455781698226929, 4.442211294174195, 4.390705299377442, 4.368726444244385, 4.415962505340576, 4.412141513824463, 4.413133001327514, 4.377394580841065, 4.3990807056427, 4.406919956207275, 4.439638948440551, 4.432792520523071, 4.3787778377532955, 4.378392601013184, 4.475969743728638, 4.5308901309967045, 4.476852703094482, 4.4901951313018795, 4.394804954528809, 4.417250919342041, 4.422712087631226, 4.437427282333374, 4.480848550796509, 4.454677772521973, 4.464559078216553, 4.446005821228027, 4.486754703521728, 4.485600090026855, 4.376409578323364, 4.369383192062378, 4.447672367095947, 4.459018278121948, 4.469442224502563, 4.478037405014038, 4.4639111995697025, 4.432209062576294, 4.498306608200073, 4.48094072341919, 4.43460168838501, 4.415244102478027, 4.540368175506591, 4.546801471710205, 4.438306617736816, 4.449467611312866, 4.517744827270508, 4.5447674751281735, 4.479971504211425, 4.518109226226807, 4.509155035018921, 4.487325620651245, 4.406986284255981, 4.439623641967773, 4.54544506072998, 4.529558753967285, 4.539923763275146, 4.524451875686646, 4.571774959564209, 4.583836698532105, 4.497356510162353, 4.499743700027466, 4.540302181243897, 4.540495300292969, 4.543413543701172, 4.543519401550293, 4.476461362838745, 4.512277221679687, 4.50061526298523, 4.520474004745483, 4.528135490417481, 4.53029727935791, 4.554472780227661, 4.58948335647583, 4.576063919067383, 4.592021322250366, 4.51532473564148, 4.499335861206054, 4.525419855117798, 4.494005107879639, 4.488806581497192, 4.49597134590149, 4.5658399105072025, 4.589161062240601, 4.57418384552002, 4.558494424819946],